{"cameraMode":{"drawMode":0,"name":"Shaded","section":"Shading Mode"},"sceneLighting":false,"audioPlay":false,"sceneViewState":{"showFog":true,"showMaterialUpdate":false,"showSkybox":true,"showFlares":true,"showImageEffects":true,"showParticleSystems":true},"in2DMode":false,"pivot":{"x":30.943693161010743,"y":-8.346372604370118,"z":-13.765230178833008},"rotation":{"x":-0.08893213421106339,"y":0.9108600616455078,"z":-0.27460169792175295,"w":-0.29498985409736636},"size":113.78783416748047,"orthographic":false}